-- phpMyAdmin SQL Dump
-- version 4.9.2
-- https://www.phpmyadmin.net/
--
-- Máy chủ: 127.0.0.1
-- Thời gian đã tạo: Th9 16, 2020 lúc 07:01 PM
-- Phiên bản máy phục vụ: 10.4.11-MariaDB
-- Phiên bản PHP: 7.2.26

SET SQL_MODE = "NO_AUTO_VALUE_ON_ZERO";
SET AUTOCOMMIT = 0;
START TRANSACTION;
SET time_zone = "+00:00";


/*!40101 SET @OLD_CHARACTER_SET_CLIENT=@@CHARACTER_SET_CLIENT */;
/*!40101 SET @OLD_CHARACTER_SET_RESULTS=@@CHARACTER_SET_RESULTS */;
/*!40101 SET @OLD_COLLATION_CONNECTION=@@COLLATION_CONNECTION */;
/*!40101 SET NAMES utf8mb4 */;

--
-- Cơ sở dữ liệu: `library`
--

-- --------------------------------------------------------

--
-- Cấu trúc bảng cho bảng `auth`
--

CREATE TABLE `auth` (
  `id` int(11) NOT NULL,
  `activeFlag` int(11) NOT NULL,
  `createDate` datetime DEFAULT NULL,
  `permission` int(11) NOT NULL,
  `updateDate` datetime DEFAULT NULL,
  `menu_id` int(11) DEFAULT NULL,
  `role_id` int(11) DEFAULT NULL
) ENGINE=InnoDB DEFAULT CHARSET=utf8mb4;

--
-- Đang đổ dữ liệu cho bảng `auth`
--

INSERT INTO `auth` (`id`, `activeFlag`, `createDate`, `permission`, `updateDate`, `menu_id`, `role_id`) VALUES
(1, 1, '2020-09-08 13:41:23', 1, '2020-09-08 13:41:23', 1, 1),
(2, 1, '2020-09-08 13:41:23', 1, '2020-09-08 13:41:23', 2, 1),
(3, 1, '2020-09-08 13:41:23', 1, '2020-09-08 13:41:23', 3, 1),
(4, 1, '2020-09-08 13:41:23', 1, '2020-09-08 13:41:23', 4, 1),
(5, 1, '2020-09-08 13:41:23', 1, '2020-09-08 13:41:23', 5, 1),
(6, 1, '2020-09-08 13:41:23', 1, '2020-09-08 13:41:23', 6, 1),
(7, 1, '2020-09-08 13:41:23', 1, '2020-09-08 13:41:23', 7, 1),
(8, 1, '2020-09-08 13:41:23', 1, '2020-09-08 13:41:23', 8, 1),
(9, 1, '2020-09-08 13:41:23', 1, '2020-09-08 13:41:23', 9, 1),
(10, 1, '2020-09-08 13:41:23', 1, '2020-09-08 13:41:23', 10, 1),
(11, 1, '2020-09-08 13:41:23', 1, '2020-09-08 13:41:23', 11, 1),
(12, 1, '2020-09-08 13:41:23', 1, '2020-09-08 13:41:23', 12, 1),
(13, 1, '2020-09-08 13:41:23', 1, '2020-09-08 13:41:23', 13, 1),
(14, 1, '2020-09-08 13:41:23', 1, '2020-09-08 13:41:23', 14, 1),
(15, 1, '2020-09-08 13:41:23', 1, '2020-09-08 13:41:23', 15, 1),
(16, 1, '2020-09-08 13:41:23', 1, '2020-09-08 13:41:23', 16, 1),
(17, 1, '2020-09-08 13:41:23', 1, '2020-09-08 13:41:23', 17, 1),
(18, 1, '2020-09-08 13:41:23', 1, '2020-09-08 13:41:23', 18, 1),
(19, 1, '2020-09-08 13:41:23', 1, '2020-09-08 13:41:23', 19, 1),
(20, 1, '2020-09-08 13:41:23', 1, '2020-09-08 13:41:23', 20, 1),
(21, 1, '2020-09-08 13:41:23', 1, '2020-09-08 13:41:23', 21, 1),
(22, 1, '2020-09-08 13:41:23', 1, '2020-09-08 13:41:23', 22, 1),
(23, 1, '2020-09-08 13:41:23', 1, '2020-09-08 13:41:23', 23, 1),
(24, 1, '2020-09-08 13:41:23', 1, '2020-09-08 13:41:23', 24, 1),
(25, 1, '2020-09-08 13:41:23', 1, '2020-09-08 13:41:23', 25, 1),
(26, 1, '2020-09-08 13:41:23', 1, '2020-09-08 13:41:23', 26, 1),
(27, 1, '2020-09-08 13:41:23', 1, '2020-09-08 13:41:23', 27, 1),
(28, 1, '2020-09-08 13:41:23', 1, '2020-09-08 13:41:23', 28, 1),
(29, 1, '2020-09-08 13:41:23', 1, '2020-09-08 13:41:23', 29, 1),
(31, 1, '2020-09-08 13:41:23', 1, '2020-09-08 13:41:23', 31, 1),
(32, 1, '2020-09-08 13:41:23', 1, '2020-09-08 13:41:23', 32, 1),
(33, 1, '2020-09-08 13:41:23', 1, '2020-09-08 13:41:23', 33, 1),
(34, 1, '2020-09-08 13:41:23', 1, '2020-09-08 13:41:23', 34, 1),
(35, 1, '2020-09-08 13:41:23', 1, '2020-09-08 13:41:23', 35, 1),
(36, 1, '2020-09-08 13:41:23', 1, '2020-09-08 13:41:23', 36, 1),
(37, 1, '2020-09-03 08:23:15', 1, '2020-09-03 08:23:15', 37, 1),
(38, 1, '2020-09-08 13:41:23', 1, '2020-09-08 13:41:23', 38, 1),
(39, 1, '2020-09-08 13:41:23', 1, '2020-09-08 13:41:23', 39, 1),
(40, 1, '2020-09-08 13:41:23', 1, '2020-09-08 13:41:23', 40, 1),
(41, 1, '2020-09-08 13:41:23', 1, '2020-09-08 13:41:23', 41, 1),
(42, 1, '2020-09-08 13:41:23', 1, '2020-09-08 13:41:23', 42, 1),
(43, 1, '2020-09-08 13:41:23', 1, '2020-09-08 13:41:23', 43, 1),
(44, 1, '2020-09-08 13:41:23', 1, '2020-09-08 13:41:23', 44, 1),
(45, 1, '2020-09-08 13:41:23', 1, '2020-09-08 13:41:23', 45, 1),
(46, 1, '2020-09-08 13:41:23', 1, '2020-09-08 13:41:23', 46, 1),
(47, 1, '2020-09-08 13:41:23', 1, '2020-09-08 13:41:23', 47, 1),
(48, 1, '2020-09-08 13:41:23', 1, '2020-09-08 13:41:23', 48, 1),
(49, 1, '2020-09-08 13:41:23', 1, '2020-09-08 13:41:23', 49, 1),
(50, 1, '2020-09-03 08:23:15', 1, '2020-09-03 08:23:15', 50, 1),
(51, 1, '2020-09-03 08:23:15', 1, '2020-09-03 08:23:15', 51, 1),
(52, 1, '2020-09-03 08:23:15', 1, '2020-09-03 08:23:15', 52, 1),
(53, 1, '2020-09-03 08:23:15', 1, '2020-09-03 08:23:15', 53, 1),
(54, 1, '2020-09-03 08:23:15', 1, '2020-09-03 08:23:15', 54, 1),
(55, 1, '2020-09-03 08:23:15', 1, '2020-09-03 08:23:15', 55, 1),
(56, 1, '2020-09-03 08:23:15', 1, '2020-09-03 08:23:15', 56, 1),
(57, 1, '2020-09-03 08:23:15', 1, '2020-09-03 08:23:15', 57, 1),
(58, 1, '2020-09-03 08:23:15', 1, '2020-09-03 08:23:15', 58, 1),
(59, 1, '2020-09-03 08:23:15', 1, '2020-09-03 08:23:15', 59, 1),
(60, 1, '2020-09-03 08:23:15', 1, '2020-09-03 08:23:15', 60, 1),
(61, 1, '2020-09-03 08:23:15', 1, '2020-09-03 08:23:15', 61, 1),
(62, 1, '2020-09-03 08:23:15', 1, '2020-09-03 08:23:15', 62, 1),
(63, 1, '2020-09-03 08:23:15', 1, '2020-09-03 08:23:15', 63, 1),
(64, 1, '2020-09-03 08:23:15', 1, '2020-09-03 08:23:15', 64, 1),
(65, 1, '2020-09-03 08:23:15', 1, '2020-09-03 08:23:15', 65, 1),
(66, 1, '2020-09-03 08:23:15', 1, '2020-09-03 08:23:15', 66, 1),
(67, 1, '2020-09-03 08:23:15', 1, '2020-09-03 08:23:15', 67, 1),
(68, 1, '2020-09-03 08:23:15', 1, '2020-09-03 08:23:15', 68, 1),
(69, 1, '2020-09-03 08:23:15', 1, '2020-09-03 08:23:15', 69, 1),
(70, 1, '2020-09-03 08:23:15', 1, '2020-09-03 08:23:15', 70, 1),
(71, 1, '2020-09-03 08:23:15', 1, '2020-09-03 08:23:15', 71, 1),
(72, 1, '2020-09-03 08:23:15', 1, '2020-09-03 08:23:15', 72, 1),
(73, 1, '2020-09-03 08:23:15', 1, '2020-09-03 08:23:15', 73, 1),
(74, 1, '2020-09-03 08:23:15', 1, '2020-09-03 08:23:15', 74, 1),
(75, 1, '2020-09-03 08:23:15', 1, '2020-09-03 08:23:15', 75, 1);

-- --------------------------------------------------------

--
-- Cấu trúc bảng cho bảng `authors`
--

CREATE TABLE `authors` (
  `id` int(11) NOT NULL,
  `description` varchar(255) DEFAULT NULL,
  `name` varchar(255) DEFAULT NULL,
  `activeFlag` int(11) NOT NULL,
  `code` varchar(255) DEFAULT NULL,
  `createDate` datetime DEFAULT NULL,
  `updateDate` datetime DEFAULT NULL
) ENGINE=InnoDB DEFAULT CHARSET=utf8mb4;

--
-- Đang đổ dữ liệu cho bảng `authors`
--

INSERT INTO `authors` (`id`, `description`, `name`, `activeFlag`, `code`, `createDate`, `updateDate`) VALUES
(2, 'Vương Trung Hiếu', 'Vương Trung Hiếu', 1, 'VTH', '2020-09-09 16:29:59', '2020-09-10 12:22:06'),
(4, 'Christopher McDougall', 'Christopher McDougall', 1, 'CMc', '2020-09-10 01:18:32', '2020-09-10 01:29:27'),
(5, 'David Niven NNN', 'David Niven', 1, 'DNiven', '2020-09-10 01:21:18', '2020-09-10 01:21:18'),
(6, ' Mari Tamagawa abc', 'Mari Tamagawa', 1, ' MTamagawa', '2020-09-10 01:27:05', '2020-09-10 16:24:05'),
(7, 'Robin Sharma', 'Robin Sharma', 1, 'RSharma', '2020-09-10 01:33:52', '2020-09-10 01:33:52'),
(8, 'Sasaki Fumio', 'Sasaki Fumio', 1, 'SFumio', '2020-09-10 01:38:00', '2020-09-10 01:38:20'),
(9, 'Anthony Robbins', 'Anthony Robbins', 1, 'ARobbins', '2020-09-10 01:40:40', '2020-09-10 01:44:00'),
(10, 'Anthony Robbins', 'Anthony Robbins', 0, 'ARobbins', '2020-09-10 01:44:26', '2020-09-10 01:49:34'),
(11, 'Florence Littauer', 'Florence Littauer', 1, 'FLittauer', '2020-09-10 01:51:27', '2020-09-10 01:51:27'),
(12, 'Nguyễn Mạnh Hùng', 'Nguyễn Mạnh Hùng', 1, 'NMH', '2020-09-10 01:51:46', '2020-09-10 02:10:35'),
(13, 'Tổng thống Donald J. Trump', 'Donald J. Trump', 1, 'DTrump', '2020-09-10 02:11:26', '2020-09-10 02:11:26'),
(14, 'abcc', 'abc', 0, 'abc', '2020-09-10 02:11:54', '2020-09-10 02:11:58'),
(16, 'James Allen', 'James Allen', 1, 'JAN', '2020-09-09 16:29:59', '2020-09-10 01:15:40'),
(18, 'Koga Fumitake - Kishimi Ichiro', 'Koga Fumitake - Kishimi Ichiro', 1, 'KKishimi Ichiro', '2020-09-10 23:32:46', '2020-09-10 23:32:46'),
(19, 'Cal Newport', 'Cal Newport', 1, 'CNewport', '2020-09-10 23:34:27', '2020-09-10 23:34:27'),
(20, 'null', ' Chưa Xác định', 1, 'null', '2020-09-15 19:19:28', '2020-09-15 19:25:53'),
(21, 'Jim Collins - Morten T. Hansen author', 'Jim Collins - Morten T. Hansen', 1, 'JimCollins-MortenT.Hansen', '2020-09-15 23:34:53', '2020-09-15 23:34:53');

-- --------------------------------------------------------

--
-- Cấu trúc bảng cho bảng `callcard`
--

CREATE TABLE `callcard` (
  `id` int(11) NOT NULL,
  `activeFlag` int(11) NOT NULL,
  `createDate` datetime DEFAULT NULL,
  `dateIssue` datetime DEFAULT NULL,
  `status` int(11) NOT NULL,
  `updateDate` datetime DEFAULT NULL,
  `libaryCard_id` int(11) DEFAULT NULL,
  `users_id` int(11) DEFAULT NULL
) ENGINE=InnoDB DEFAULT CHARSET=utf8mb4;

--
-- Đang đổ dữ liệu cho bảng `callcard`
--

INSERT INTO `callcard` (`id`, `activeFlag`, `createDate`, `dateIssue`, `status`, `updateDate`, `libaryCard_id`, `users_id`) VALUES
(1, 1, '2020-09-14 00:50:21', '2020-09-14 00:49:21', 1, '2020-09-14 13:52:22', 9, 1),
(2, 1, '2020-09-14 00:52:55', '2020-09-14 00:52:30', 1, '2020-09-14 13:52:48', 6, 1),
(3, 1, '2020-09-14 13:32:28', '2020-09-14 13:32:17', 1, '2020-09-14 14:43:25', 10, 1),
(4, 1, '2020-09-14 13:45:08', '2020-09-14 13:44:21', 1, '2020-09-14 14:43:31', 11, 1),
(5, 1, '2020-09-14 14:15:05', '2020-09-14 14:14:46', 1, '2020-09-14 14:21:14', 6, 1),
(6, 1, '2020-09-14 14:17:25', '2020-09-14 14:17:13', 1, '2020-09-14 14:21:09', 6, 1),
(7, 1, '2020-09-14 14:21:48', '2020-09-14 14:21:34', 1, '2020-09-14 14:43:35', 6, 1),
(8, 1, '2020-09-14 14:27:29', '2020-09-14 14:27:09', 1, '2020-09-14 14:43:40', 10, 1),
(9, 1, '2020-09-14 14:40:09', '2020-09-14 14:39:57', 1, '2020-09-14 14:40:53', 6, 1),
(10, 1, '2020-09-14 14:44:43', '2020-09-14 14:44:21', 1, '2020-09-15 14:55:48', 6, 1),
(11, 1, '2020-09-15 15:16:53', '2020-09-15 15:16:43', 1, '2020-09-15 15:31:41', 6, 1),
(12, 1, '2020-09-15 15:32:29', '2020-09-15 15:31:56', 0, '2020-09-15 15:32:29', 11, 1),
(13, 1, '2020-09-15 15:33:05', '2020-09-15 15:32:59', 0, '2020-09-15 15:33:05', 6, 1);

-- --------------------------------------------------------

--
-- Cấu trúc bảng cho bảng `callcarddetail`
--

CREATE TABLE `callcarddetail` (
  `id` int(11) NOT NULL,
  `activeFlag` int(11) NOT NULL,
  `createDate` datetime DEFAULT NULL,
  `dueDate` datetime DEFAULT NULL,
  `returnDate` datetime DEFAULT NULL,
  `status` int(11) NOT NULL,
  `updateDate` datetime DEFAULT NULL,
  `callCard_id` int(11) DEFAULT NULL,
  `productInfo_id` int(11) DEFAULT NULL
) ENGINE=InnoDB DEFAULT CHARSET=utf8mb4;

--
-- Đang đổ dữ liệu cho bảng `callcarddetail`
--

INSERT INTO `callcarddetail` (`id`, `activeFlag`, `createDate`, `dueDate`, `returnDate`, `status`, `updateDate`, `callCard_id`, `productInfo_id`) VALUES
(1, 1, '2020-09-14 00:50:21', '2020-09-25 00:00:00', '2020-09-14 13:46:59', 4, '2020-09-14 13:46:59', 1, 4),
(2, 1, '2020-09-14 00:50:21', '2020-09-24 00:49:21', '2020-09-14 13:47:00', 4, '2020-09-14 13:47:00', 1, 7),
(3, 1, '2020-09-14 00:50:21', '2020-09-26 00:00:00', '2020-09-14 03:07:19', 4, '2020-09-14 03:07:19', 1, 3),
(4, 1, '2020-09-14 00:52:55', '2020-09-24 00:52:30', '2020-09-14 02:38:31', 4, '2020-09-14 02:38:31', 2, 4),
(5, 1, '2020-09-14 00:52:55', '2020-09-24 00:52:30', '2020-09-14 13:52:48', 4, '2020-09-14 13:52:48', 2, 5),
(6, 1, '2020-09-14 00:52:55', '2020-09-24 00:52:30', '2020-09-14 02:36:13', 4, '2020-09-14 02:36:13', 2, 3),
(7, 1, '2020-09-14 13:32:28', '2020-09-27 00:00:00', '2020-09-14 13:57:38', 4, '2020-09-14 13:57:38', 3, 7),
(8, 1, '2020-09-14 13:32:28', '2020-09-24 13:32:17', '2020-09-14 14:43:25', 4, '2020-09-14 14:43:25', 3, 15),
(9, 1, '2020-09-14 13:45:08', '2020-09-24 13:44:21', '2020-09-14 14:43:30', 4, '2020-09-14 14:43:30', 4, 7),
(10, 1, '2020-09-14 13:45:08', '2020-09-24 13:44:21', '2020-09-14 14:43:31', 4, '2020-09-14 14:43:31', 4, 4),
(11, 1, '2020-09-14 13:45:08', '2020-09-24 13:44:21', '2020-09-14 14:43:28', 4, '2020-09-14 14:43:28', 4, 6),
(12, 1, '2020-09-14 13:45:08', '2020-09-24 13:44:21', '2020-09-14 14:43:29', 4, '2020-09-14 14:43:29', 4, 3),
(13, 1, '2020-09-14 14:15:05', '2020-09-24 14:14:46', '2020-09-14 14:21:14', 4, '2020-09-14 14:21:14', 5, 4),
(14, 1, '2020-09-14 14:17:25', '2020-09-24 14:17:13', '2020-09-14 14:21:05', 4, '2020-09-14 14:21:05', 6, 5),
(15, 1, '2020-09-14 14:17:25', '2020-09-24 14:17:13', '2020-09-14 14:21:09', 4, '2020-09-14 14:21:09', 6, 4),
(16, 1, '2020-09-14 14:17:25', '2020-09-24 14:17:13', '2020-09-14 14:21:06', 4, '2020-09-14 14:21:06', 6, 3),
(17, 1, '2020-09-14 14:21:48', '2020-09-24 14:21:34', '2020-09-14 14:43:35', 4, '2020-09-14 14:43:35', 7, 6),
(18, 1, '2020-09-14 14:21:48', '2020-09-24 14:21:34', '2020-09-14 14:43:34', 4, '2020-09-14 14:43:34', 7, 4),
(19, 1, '2020-09-14 14:21:48', '2020-09-24 14:21:34', '2020-09-14 14:43:33', 4, '2020-09-14 14:43:33', 7, 3),
(20, 1, '2020-09-14 14:27:29', '2020-09-24 14:27:09', '2020-09-14 14:43:39', 4, '2020-09-14 14:43:39', 8, 6),
(21, 1, '2020-09-14 14:30:07', '2020-09-24 14:27:09', '2020-09-14 14:43:40', 4, '2020-09-14 14:43:40', 8, 3),
(22, 1, '2020-09-14 14:40:09', '2020-09-24 14:39:57', '2020-09-14 14:40:53', 4, '2020-09-14 14:40:53', 9, 3),
(23, 1, '2020-09-14 14:40:09', '2020-09-24 14:39:57', '2020-09-14 14:40:52', 4, '2020-09-14 14:40:52', 9, 5),
(24, 1, '2020-09-14 14:44:43', '2020-09-24 14:44:21', '2020-09-15 14:55:48', 4, '2020-09-15 14:55:48', 10, 4),
(25, 1, '2020-09-14 14:44:43', '2020-09-24 14:44:21', '2020-09-14 14:45:20', 4, '2020-09-14 14:45:20', 10, 3),
(26, 1, '2020-09-14 14:44:43', '2020-09-24 14:44:21', '2020-09-14 15:15:03', 4, '2020-09-14 15:15:03', 10, 8),
(27, 1, '2020-09-15 15:16:53', '2020-09-25 15:16:43', '2020-09-15 15:31:40', 4, '2020-09-15 15:31:40', 11, 7),
(28, 1, '2020-09-15 15:16:53', '2020-09-25 15:16:43', '2020-09-15 15:31:41', 4, '2020-09-15 15:31:41', 11, 8),
(29, 1, '2020-09-15 15:16:53', '2020-09-25 15:16:43', '2020-09-15 15:30:46', 4, '2020-09-15 15:30:46', 11, 3),
(30, 1, '2020-09-15 15:32:29', '2020-09-25 15:31:56', NULL, 3, '2020-09-15 15:32:29', 12, 7),
(31, 1, '2020-09-15 15:32:29', '2020-09-25 15:31:56', NULL, 3, '2020-09-15 15:32:29', 12, 4),
(32, 1, '2020-09-15 15:32:29', '2020-09-25 15:31:56', NULL, 3, '2020-09-15 15:32:29', 12, 8),
(33, 1, '2020-09-15 15:33:05', '2020-09-25 15:32:59', NULL, 3, '2020-09-15 15:33:05', 13, 4),
(34, 1, '2020-09-15 15:33:05', '2020-09-25 15:32:59', NULL, 3, '2020-09-15 15:33:05', 13, 3);

-- --------------------------------------------------------

--
-- Cấu trúc bảng cho bảng `category`
--

CREATE TABLE `category` (
  `id` int(11) NOT NULL,
  `activeFlag` int(11) NOT NULL,
  `code` varchar(255) DEFAULT NULL,
  `createDate` datetime DEFAULT NULL,
  `name` varchar(255) DEFAULT NULL,
  `updateDate` datetime DEFAULT NULL
) ENGINE=InnoDB DEFAULT CHARSET=utf8mb4;

--
-- Đang đổ dữ liệu cho bảng `category`
--

INSERT INTO `category` (`id`, `activeFlag`, `code`, `createDate`, `name`, `updateDate`) VALUES
(1, 1, 'TL-KNS', '2020-09-09 16:29:59', 'Tâm Lý - Kỹ Năng Sống', '2020-09-09 16:29:59'),
(2, 1, 'KT-QL', '2020-09-09 16:31:00', 'Kinh Tế - Quản Lý', '2020-09-09 22:03:40'),
(3, 1, 'KH-KT', '2020-09-09 16:36:02', 'Khoa Học - Kỹ Thuật', '2020-09-09 16:36:02'),
(4, 1, 'HNN', '2020-09-09 16:36:00', 'Học Ngoại Ngữ', '2020-09-09 16:56:25'),
(5, 1, 'TT-NT', '2020-09-09 16:38:03', 'Thể Thao - Nghệ Thuật', '2020-09-09 16:38:03'),
(7, 1, 'TN-NT', '2020-09-09 16:41:00', 'Truyện Ngắn - Ngôn Tình', '2020-09-10 03:37:28'),
(8, 1, 'YH-SK', '2020-09-09 20:40:00', 'Y Học - Sức Khỏe', '2020-09-09 20:40:34'),
(9, 1, 'HK-TB', '2020-09-09 21:26:28', 'Hồi Ký - Tuỳ Bút', '2020-09-09 21:26:28'),
(10, 1, 'PL-MH', '2020-09-09 21:56:55', 'Phiêu Lưu - Mạo Hiểm', '2020-09-09 21:56:55'),
(11, 1, 'AT-NA', '2020-09-09 22:01:34', 'Ẩm thực - Nấu ăn', '2020-09-09 22:01:34'),
(12, 1, 'CNTT', '2020-09-09 22:03:00', 'Công Nghệ Thông Tin', '2020-09-10 03:37:21');

-- --------------------------------------------------------

--
-- Cấu trúc bảng cho bảng `history`
--

CREATE TABLE `history` (
  `id` int(11) NOT NULL,
  `actionName` varchar(255) DEFAULT NULL,
  `activeFlag` int(11) NOT NULL,
  `createDate` datetime DEFAULT NULL,
  `quantity` int(11) NOT NULL,
  `type` int(11) NOT NULL,
  `updateDate` datetime DEFAULT NULL,
  `productInfo_id` int(11) DEFAULT NULL,
  `users_id` int(11) DEFAULT NULL
) ENGINE=InnoDB DEFAULT CHARSET=utf8mb4;

--
-- Đang đổ dữ liệu cho bảng `history`
--

INSERT INTO `history` (`id`, `actionName`, `activeFlag`, `createDate`, `quantity`, `type`, `updateDate`, `productInfo_id`, `users_id`) VALUES
(1, 'Mượn', 1, '2020-09-14 13:32:28', 1, 3, '2020-09-14 13:32:28', 7, 1),
(2, 'Mượn', 1, '2020-09-14 13:32:28', 1, 3, '2020-09-14 13:32:28', 15, 1),
(3, 'Mượn', 1, '2020-09-14 13:45:08', 1, 3, '2020-09-14 13:45:08', 7, 1),
(4, 'Mượn', 1, '2020-09-14 13:45:08', 1, 3, '2020-09-14 13:45:08', 4, 1),
(5, 'Mượn', 1, '2020-09-14 13:45:08', 1, 3, '2020-09-14 13:45:08', 6, 1),
(6, 'Mượn', 1, '2020-09-14 13:45:08', 1, 3, '2020-09-14 13:45:08', 3, 1),
(7, 'Trả', 1, '2020-09-14 13:57:38', 1, 4, '2020-09-14 13:57:38', 7, 1),
(8, 'Mượn', 1, '2020-09-14 14:15:05', 1, 3, '2020-09-14 14:15:05', 4, 1),
(9, 'Mượn', 1, '2020-09-14 14:17:25', 1, 3, '2020-09-14 14:17:25', 5, 1),
(10, 'Mượn', 1, '2020-09-14 14:17:25', 1, 3, '2020-09-14 14:17:25', 4, 1),
(11, 'Mượn', 1, '2020-09-14 14:17:25', 1, 3, '2020-09-14 14:17:25', 3, 1),
(12, 'Trả', 1, '2020-09-14 14:21:05', 1, 4, '2020-09-14 14:21:05', 5, 1),
(13, 'Trả', 1, '2020-09-14 14:21:06', 1, 4, '2020-09-14 14:21:06', 3, 1),
(14, 'Trả', 1, '2020-09-14 14:21:06', 1, 4, '2020-09-14 14:21:06', 4, 1),
(15, 'Trả', 1, '2020-09-14 14:21:09', 1, 4, '2020-09-14 14:21:09', 4, 1),
(16, 'Trả', 1, '2020-09-14 14:21:14', 1, 4, '2020-09-14 14:21:14', 4, 1),
(17, 'Mượn', 1, '2020-09-14 14:21:48', 1, 3, '2020-09-14 14:21:48', 6, 1),
(18, 'Mượn', 1, '2020-09-14 14:21:48', 1, 3, '2020-09-14 14:21:48', 4, 1),
(19, 'Mượn', 1, '2020-09-14 14:21:48', 1, 3, '2020-09-14 14:21:48', 3, 1),
(20, 'Mượn', 1, '2020-09-14 14:27:50', 1, 3, '2020-09-14 14:27:50', 6, 1),
(21, 'Mượn', 1, '2020-09-14 14:30:10', 1, 3, '2020-09-14 14:30:10', 3, 1),
(22, 'Mượn', 1, '2020-09-14 14:40:09', 1, 3, '2020-09-14 14:40:09', 3, 1),
(23, 'Mượn', 1, '2020-09-14 14:40:09', 1, 3, '2020-09-14 14:40:09', 5, 1),
(24, 'Trả', 1, '2020-09-14 14:40:52', 1, 4, '2020-09-14 14:40:52', 5, 1),
(25, 'Trả', 1, '2020-09-14 14:40:53', 1, 4, '2020-09-14 14:40:53', 3, 1),
(26, 'Trả', 1, '2020-09-14 14:43:25', 1, 4, '2020-09-14 14:43:25', 15, 1),
(27, 'Trả', 1, '2020-09-14 14:43:28', 1, 4, '2020-09-14 14:43:28', 6, 1),
(28, 'Trả', 1, '2020-09-14 14:43:29', 1, 4, '2020-09-14 14:43:29', 3, 1),
(29, 'Trả', 1, '2020-09-14 14:43:30', 1, 4, '2020-09-14 14:43:30', 7, 1),
(30, 'Trả', 1, '2020-09-14 14:43:31', 1, 4, '2020-09-14 14:43:31', 4, 1),
(31, 'Trả', 1, '2020-09-14 14:43:33', 1, 4, '2020-09-14 14:43:33', 3, 1),
(32, 'Trả', 1, '2020-09-14 14:43:34', 1, 4, '2020-09-14 14:43:34', 4, 1),
(33, 'Trả', 1, '2020-09-14 14:43:35', 1, 4, '2020-09-14 14:43:35', 6, 1),
(34, 'Trả', 1, '2020-09-14 14:43:39', 1, 4, '2020-09-14 14:43:39', 6, 1),
(35, 'Trả', 1, '2020-09-14 14:43:40', 1, 4, '2020-09-14 14:43:40', 3, 1),
(36, 'Mượn', 1, '2020-09-14 14:44:43', 1, 3, '2020-09-14 14:44:43', 4, 1),
(37, 'Mượn', 1, '2020-09-14 14:44:43', 1, 3, '2020-09-14 14:44:43', 3, 1),
(38, 'Mượn', 1, '2020-09-14 14:44:43', 1, 3, '2020-09-14 14:44:43', 8, 1),
(39, 'Trả', 1, '2020-09-14 14:45:20', 1, 4, '2020-09-14 14:45:20', 3, 1),
(40, 'Trả', 1, '2020-09-14 15:15:03', 1, 4, '2020-09-14 15:15:03', 8, 1),
(41, 'Trả', 1, '2020-09-15 14:55:48', 1, 4, '2020-09-15 14:55:48', 4, 1),
(42, 'Mượn', 1, '2020-09-15 15:16:53', 1, 3, '2020-09-15 15:16:53', 7, 1),
(43, 'Mượn', 1, '2020-09-15 15:16:53', 1, 3, '2020-09-15 15:16:53', 8, 1),
(44, 'Mượn', 1, '2020-09-15 15:16:53', 1, 3, '2020-09-15 15:16:53', 3, 1),
(45, 'Trả', 1, '2020-09-15 15:30:46', 1, 4, '2020-09-15 15:30:46', 3, 1),
(46, 'Trả', 1, '2020-09-15 15:31:40', 1, 4, '2020-09-15 15:31:40', 7, 1),
(47, 'Trả', 1, '2020-09-15 15:31:41', 1, 4, '2020-09-15 15:31:41', 8, 1),
(48, 'Mượn', 1, '2020-09-15 15:32:29', 1, 3, '2020-09-15 15:32:29', 7, 1),
(49, 'Mượn', 1, '2020-09-15 15:32:29', 1, 3, '2020-09-15 15:32:29', 4, 1),
(50, 'Mượn', 1, '2020-09-15 15:32:29', 1, 3, '2020-09-15 15:32:29', 8, 1),
(51, 'Mượn', 1, '2020-09-15 15:33:05', 1, 3, '2020-09-15 15:33:05', 4, 1),
(52, 'Mượn', 1, '2020-09-15 15:33:05', 1, 3, '2020-09-15 15:33:05', 3, 1),
(53, 'Trả', 1, '2020-09-15 16:30:16', 5, 1, '2020-09-15 16:30:16', 12, 1),
(54, 'Trả', 1, '2020-09-15 16:30:28', 5, 1, '2020-09-15 16:30:28', 1, 1),
(55, 'Nhập hàng', 1, '2020-09-15 16:36:32', 8, 2, '2020-09-15 16:36:32', 1, 1),
(56, 'Nhập hàng', 1, '2020-09-15 19:27:20', 5, 2, '2020-09-15 19:27:20', 17, 1),
(57, 'Edit', 1, '2020-09-15 19:28:51', 3, 2, '2020-09-15 19:28:51', 17, 1),
(58, 'Edit', 1, '2020-09-15 19:32:09', 4, 2, '2020-09-15 19:32:09', 17, 1),
(59, 'Edit', 1, '2020-09-15 19:44:31', 6, 2, '2020-09-15 19:44:31', 17, 1),
(60, 'Edit', 1, '2020-09-15 19:46:03', 8, 2, '2020-09-15 19:46:03', 17, 1),
(61, 'Edit', 1, '2020-09-15 19:49:14', 10, 2, '2020-09-15 19:49:14', 17, 1),
(62, 'Edit', 1, '2020-09-15 19:51:16', 3, 2, '2020-09-15 19:51:16', 17, 1),
(63, 'Edit', 1, '2020-09-15 19:53:05', 5, 2, '2020-09-15 19:53:05', 16, 1),
(64, 'Nhập hàng', 1, '2020-09-15 23:36:14', 10, 2, '2020-09-15 23:36:14', 18, 1),
(65, 'Edit', 1, '2020-09-15 23:37:18', 5, 2, '2020-09-15 23:37:18', 18, 1),
(66, 'Edit', 1, '2020-09-15 23:37:59', 7, 2, '2020-09-15 23:37:59', 5, 1),
(67, 'Edit', 1, '2020-09-15 23:38:38', 7, 2, '2020-09-15 23:38:38', 18, 1),
(68, 'Edit', 1, '2020-09-15 23:39:22', 3, 2, '2020-09-15 23:39:22', 17, 1),
(69, 'Edit', 1, '2020-09-15 23:40:03', 5, 2, '2020-09-15 23:40:03', 5, 1),
(70, 'Edit', 1, '2020-09-15 23:40:22', 5, 2, '2020-09-15 23:40:22', 18, 1),
(71, 'Nhập hàng', 1, '2020-09-15 23:46:49', 5, 2, '2020-09-15 23:46:49', 7, 1),
(72, 'Edit', 1, '2020-09-15 23:50:29', 6, 2, '2020-09-15 23:50:29', 6, 1),
(73, 'Nhập hàng', 1, '2020-09-16 00:18:31', 2, 1, '2020-09-16 00:18:31', 1, 1),
(74, 'Edit', 1, '2020-09-16 00:19:11', 1, 1, '2020-09-16 00:19:11', 3, 1),
(75, 'Xuất hàng', 1, '2020-09-16 00:26:45', 3, 1, '2020-09-16 00:26:45', 17, 1),
(76, 'Edit', 1, '2020-09-16 00:27:06', 2, 1, '2020-09-16 00:27:06', 16, 1),
(77, 'Xuất hàng', 1, '2020-09-16 00:49:22', 3, 1, '2020-09-16 00:49:22', 17, 1);

-- --------------------------------------------------------

--
-- Cấu trúc bảng cho bảng `invoice`
--

CREATE TABLE `invoice` (
  `id` int(11) NOT NULL,
  `activeFlag` int(11) NOT NULL,
  `createDate` datetime DEFAULT NULL,
  `type` int(11) NOT NULL,
  `updateDate` datetime DEFAULT NULL,
  `users_id` int(11) DEFAULT NULL,
  `quantity` int(11) DEFAULT NULL,
  `productinfo_id` int(11) DEFAULT NULL
) ENGINE=InnoDB DEFAULT CHARSET=utf8mb4;

--
-- Đang đổ dữ liệu cho bảng `invoice`
--

INSERT INTO `invoice` (`id`, `activeFlag`, `createDate`, `type`, `updateDate`, `users_id`, `quantity`, `productinfo_id`) VALUES
(2, 1, '2020-09-15 16:25:50', 1, '2020-09-15 16:25:50', 1, 5, 1),
(3, 1, '2020-09-15 16:30:16', 1, '2020-09-15 16:30:16', 1, 5, 12),
(11, 1, '2020-09-15 00:00:00', 2, '2020-09-15 19:53:05', 1, 5, 16),
(12, 1, '2020-09-15 00:00:00', 2, '2020-09-15 23:40:22', 1, 5, 18),
(13, 1, '2020-09-15 00:00:00', 2, '2020-09-15 23:50:29', 1, 6, 6),
(14, 1, '2020-09-16 00:00:00', 1, '2020-09-16 00:19:11', 1, 1, 3),
(15, 1, '2020-09-16 00:00:00', 1, '2020-09-16 00:27:06', 1, 2, 16),
(16, 1, '2020-09-16 00:49:22', 1, '2020-09-16 00:49:22', 1, 3, 17);

-- --------------------------------------------------------

--
-- Cấu trúc bảng cho bảng `librarycard`
--

CREATE TABLE `librarycard` (
  `id` int(11) NOT NULL,
  `activeFlag` int(11) NOT NULL,
  `createDate` datetime DEFAULT NULL,
  `description` varchar(255) DEFAULT NULL,
  `endDay` datetime DEFAULT NULL,
  `startDay` datetime DEFAULT NULL,
  `updateDate` datetime DEFAULT NULL,
  `readers_id` int(11) DEFAULT NULL,
  `status` int(11) NOT NULL
) ENGINE=InnoDB DEFAULT CHARSET=utf8mb4;

--
-- Đang đổ dữ liệu cho bảng `librarycard`
--

INSERT INTO `librarycard` (`id`, `activeFlag`, `createDate`, `description`, `endDay`, `startDay`, `updateDate`, `readers_id`, `status`) VALUES
(6, 1, '2020-09-11 21:37:57', '', '2021-09-10 21:37:18', '2020-09-11 21:37:15', '2020-09-11 21:37:57', 1, 0),
(7, 0, '2020-09-12 00:06:20', '', '2021-09-18 00:05:22', '2020-09-12 00:05:19', '2020-09-12 00:34:29', NULL, 0),
(8, 0, '2020-09-12 00:36:20', '', '2021-09-12 00:35:19', '2020-09-12 00:35:17', '2020-09-12 00:36:25', NULL, 0),
(9, 1, '2020-09-12 03:17:30', '', '2021-08-31 03:17:15', '2020-09-12 03:17:13', '2020-09-13 12:09:27', 4, 0),
(10, 1, '2020-09-14 00:43:54', '', '2020-10-01 00:43:51', '2020-09-12 00:43:50', '2020-09-14 00:43:54', 5, 0),
(11, 1, '2020-09-14 13:44:18', '', '2020-10-10 13:44:14', '2020-09-14 13:44:12', '2020-09-14 13:44:18', 6, 0);

-- --------------------------------------------------------

--
-- Cấu trúc bảng cho bảng `menu`
--

CREATE TABLE `menu` (
  `id` int(11) NOT NULL,
  `activeFlag` int(11) NOT NULL,
  `createDate` datetime DEFAULT NULL,
  `name` varchar(255) DEFAULT NULL,
  `orderIndex` int(11) NOT NULL,
  `parentId` int(11) NOT NULL,
  `updateDate` datetime DEFAULT NULL,
  `url` varchar(255) DEFAULT NULL
) ENGINE=InnoDB DEFAULT CHARSET=utf8mb4;

--
-- Đang đổ dữ liệu cho bảng `menu`
--

INSERT INTO `menu` (`id`, `activeFlag`, `createDate`, `name`, `orderIndex`, `parentId`, `updateDate`, `url`) VALUES
(1, 1, '2020-09-08 13:41:23', 'Tác vụ chính', 1, 0, '2020-09-08 13:41:23', '/issue-return'),
(2, 1, '2020-09-08 13:41:23', 'Sản phẩm', 2, 0, '2020-09-08 13:41:23', '/product'),
(3, 1, '2020-09-08 13:41:23', 'Kho', 3, 0, '2020-09-08 13:41:23', '/stock'),
(4, 1, '2020-09-08 13:41:23', 'Quản lý', 4, 0, '2020-09-08 13:41:23', '/manage'),
(5, 1, '2020-09-08 13:41:23', 'Danh sách mượn', 2, 1, '2020-09-08 13:41:23', '/issue/list'),
(6, 1, '2020-09-08 13:41:23', 'Danh sách trả', 3, 1, '2020-09-08 13:41:23', '/return/list'),
(7, 1, '2020-09-08 13:41:23', 'Danh sách sách', 1, 2, '2020-09-08 13:41:23', '/product-info/list'),
(8, 1, '2020-09-08 13:41:23', 'Danh sách danh mục', 2, 2, '2020-09-08 13:41:23', '/category/list'),
(9, 1, '2020-09-08 13:41:23', 'Danh sách nhà xuất bản', 3, 2, '2020-09-08 13:41:23', '/publisher/list'),
(10, 1, '2020-09-08 13:41:23', 'Danh sách tác giả', 4, 2, '2020-09-08 13:41:23', '/author/list'),
(11, 1, '2020-09-08 13:41:23', 'Danh sách nhập kho', 1, 3, '2020-09-08 13:41:23', '/goods-receipt/list'),
(12, 1, '2020-09-08 13:41:23', 'Danh sách xuất kho', 2, 3, '2020-09-08 13:41:23', '/goods-issue/list'),
(13, 1, '2020-09-08 13:41:23', 'Lịch sử', 3, 3, '2020-09-08 13:41:23', '/history/list'),
(14, 1, '2020-09-08 13:41:23', 'Quản lý user', 1, 4, '2020-09-08 13:41:23', '/user/list'),
(15, 1, '2020-09-08 13:41:23', 'Quản lý menu', 2, 4, '2020-09-08 13:41:23', '/menu/list'),
(16, 1, '2020-09-08 13:41:23', 'Quản lý phân quyền', 3, 4, '2020-09-08 13:41:23', '/auth/list'),
(17, 1, '2020-09-08 13:41:23', 'Thêm mới', -1, 2, '2020-09-08 13:41:23', '/product-info/add'),
(18, 1, '2020-09-08 13:41:23', 'Xóa', -1, 2, '2020-09-08 13:41:23', '/product-info/delete'),
(19, 1, '2020-09-08 13:41:23', 'Lưu', -1, 2, '2020-09-08 13:41:23', '/product-info/save'),
(20, 1, '2020-09-08 13:41:23', 'Sửa', -1, 2, '2020-09-08 13:41:23', '/product-info/edit\r\n'),
(21, 1, '2020-09-08 13:41:23', 'Xem', -1, 2, '2020-09-08 13:41:23', '/product-info/view'),
(22, 1, '2020-09-08 13:41:23', 'Thêm mới', -1, 2, '2020-09-08 13:41:23', '/category/add'),
(23, 1, '2020-09-08 13:41:23', 'Xóa', -1, 2, '2020-09-08 13:41:23', '/category/delete'),
(24, 1, '2020-09-08 13:41:23', 'Lưu', -1, 2, '2020-09-08 13:41:23', '/category/save'),
(25, 1, '2020-09-08 13:41:23', 'Sửa', -1, 2, '2020-09-08 13:41:23', '/category/edit'),
(26, 1, '2020-09-08 13:41:23', 'Xem', -1, 2, '2020-09-08 13:41:23', '/category/view'),
(27, 1, '2020-09-08 13:41:23', 'Thêm mới', -1, 2, '2020-09-08 13:41:23', '/publisher/add'),
(28, 1, '2020-09-08 13:41:23', 'Xóa', -1, 2, '2020-09-08 13:41:23', '/publisher/delete'),
(29, 1, '2020-09-08 13:41:23', 'Lưu', -1, 2, '2020-09-08 13:41:23', '/publisher/save'),
(31, 1, '2020-09-08 13:41:23', 'Xem', -1, 2, '2020-09-08 13:41:23', '/publisher/view'),
(32, 1, '2020-09-08 13:41:23', 'Thêm mới', -1, 2, '2020-09-08 13:41:23', '/author/add'),
(33, 1, '2020-09-08 13:41:23', 'Xóa', -1, 2, '2020-09-08 13:41:23', '/author/delete'),
(34, 1, '2020-09-08 13:41:23', 'Lưu', -1, 2, '2020-09-08 13:41:23', '/author/save'),
(35, 1, '2020-09-08 13:41:23', 'Sửa', -1, 2, '2020-09-08 13:41:23', '/author/edit'),
(36, 1, '2020-09-08 13:41:23', 'Xem', -1, 2, '2020-09-08 13:41:23', '/author/view'),
(37, 1, '2020-09-03 08:23:15', 'Sửa', -1, 2, '2020-09-03 08:23:15', '/publisher/edit'),
(38, 1, '2020-09-03 08:23:15', 'Quản lý độc giả', 5, 2, '2020-09-03 08:23:15', '/readers/list'),
(39, 1, '2020-09-03 08:23:15', 'Quản lý thẻ thư viện', 6, 2, '2020-09-03 08:23:15', '/library-card/list'),
(40, 1, '2020-09-03 08:23:15', 'Thêm', -1, 2, '2020-09-03 08:23:15', '/readers/add'),
(41, 1, '2020-09-03 08:23:15', 'Xóa', -1, 2, '2020-09-03 08:23:15', '/readers/delete'),
(42, 1, '2020-09-03 08:23:15', 'Sửa', -1, 2, '2020-09-03 08:23:15', '/readers/edit'),
(43, 1, '2020-09-03 08:23:15', 'Lưu', -1, 2, '2020-09-03 08:23:15', '/readers/save'),
(44, 1, '2020-09-03 08:23:15', 'Xem', -1, 2, '2020-09-03 08:23:15', '/readers/view'),
(45, 1, '2020-09-03 08:23:15', 'Thêm', -1, 2, '2020-09-03 08:23:15', '/library-card/add'),
(46, 1, '2020-09-03 08:23:15', 'Xóa', -1, 2, '2020-09-03 08:23:15', '/library-card/delete'),
(47, 1, '2020-09-03 08:23:15', 'Sửa', -1, 2, '2020-09-03 08:23:15', '/library-card/edit'),
(48, 1, '2020-09-03 08:23:15', 'Lưu', -1, 2, '2020-09-03 08:23:15', '/library-card/save'),
(49, 1, '2020-09-03 08:23:15', 'Xem', -1, 2, '2020-09-03 08:23:15', '/library-card/view'),
(50, 1, '2020-09-03 08:23:15', 'Add', -1, 1, '2020-09-03 08:23:15', '/call-card/session/add'),
(51, 1, '2020-09-03 08:23:15', 'Add', -1, 1, '2020-09-03 08:23:15', '/callcard-detail/session/add'),
(52, 1, '2020-09-03 08:23:15', 'Reset', -1, 1, '2020-09-03 08:23:15', '/call-card/session/reset'),
(53, 1, '2020-09-03 08:23:15', 'Xóa', -1, 1, '2020-09-03 08:23:15', '/call-card/session/remove'),
(54, 1, '2020-09-03 08:23:15', 'Check out', -1, 1, '2020-09-03 08:23:15', '/call-card/check-out'),
(55, 1, '2020-09-03 08:23:15', 'Add', -1, 1, '2020-09-03 08:23:15', '/call-card/add'),
(56, 1, '2020-09-03 08:23:15', 'Xem', -1, 3, '2020-09-03 08:23:15', '/history/view'),
(57, 1, '2020-09-03 08:23:15', 'Xóa Item', -1, 1, '2020-09-03 08:23:15', '/call-card-detail/session/remove'),
(58, 1, '2020-09-03 08:23:15', 'Edit item', -1, 1, '2020-09-03 08:23:15', '/call-card-detail/session/edit'),
(59, 1, '2020-09-03 08:23:15', 'Save', -1, 1, '2020-09-03 08:23:15', '/call-card/save'),
(60, 1, '2020-09-03 08:23:15', 'Sửa', -1, 1, '2020-09-03 08:23:15', '/issue/edit'),
(61, 1, '2020-09-03 08:23:15', 'Trả', -1, 1, '2020-09-03 08:23:15', '/issue/return'),
(62, 1, '2020-09-03 08:23:15', 'Add', -1, 3, '2020-09-03 08:23:15', '/goods-receipt/add'),
(63, 1, '2020-09-03 08:23:15', 'Xem', -1, 3, '2020-09-03 08:23:15', '/goods-receipt/view'),
(64, 1, '2020-09-03 08:23:15', 'Sửa', -1, 3, '2020-09-03 08:23:15', '/goods-receipt/edit'),
(65, 1, '2020-09-03 08:23:15', 'Lưu', -1, 3, '2020-09-03 08:23:15', '/goods-receipt/save'),
(66, 1, '2020-09-03 08:23:15', 'Add', -1, 3, '2020-09-03 08:23:15', '/goods-issue/add'),
(67, 1, '2020-09-03 08:23:15', 'Sửa', -1, 3, '2020-09-03 08:23:15', '/goods-issue/edit'),
(68, 1, '2020-09-03 08:23:15', 'View', -1, 3, '2020-09-03 08:23:15', '/goods-issue/view'),
(69, 1, '2020-09-03 08:23:15', 'Lưu', -1, 3, '2020-09-03 08:23:15', '/goods-issue/save'),
(70, 1, '2020-09-03 08:23:15', 'Lưu', -1, 4, '2020-09-03 08:23:15', '/user/save'),
(71, 1, '2020-09-03 08:23:15', 'Sửa', -1, 4, '2020-09-03 08:23:15', '/user/edit'),
(72, 1, '2020-09-03 08:23:15', 'Xem', -1, 4, '2020-09-03 08:23:15', '/user/view'),
(73, 1, '2020-09-03 08:23:15', 'Add', -1, 4, '2020-09-03 08:23:15', '/user/add'),
(74, 1, '2020-09-03 08:23:15', 'Xóa', -1, 4, '2020-09-03 08:23:15', '/user/delete'),
(75, 1, '2020-09-03 08:23:15', 'Quyền', -1, 4, '2020-09-03 08:23:15', '/menu/permission');

-- --------------------------------------------------------

--
-- Cấu trúc bảng cho bảng `product`
--

CREATE TABLE `product` (
  `id` int(11) NOT NULL,
  `activeFlag` int(11) NOT NULL,
  `code` varchar(255) DEFAULT NULL,
  `createDate` datetime DEFAULT NULL,
  `imgUrl` varchar(255) DEFAULT NULL,
  `name` varchar(255) DEFAULT NULL,
  `updateDate` datetime DEFAULT NULL,
  `authors_id` int(11) DEFAULT NULL,
  `category_id` int(11) DEFAULT NULL,
  `company_id` int(11) DEFAULT NULL
) ENGINE=InnoDB DEFAULT CHARSET=utf8mb4;

--
-- Đang đổ dữ liệu cho bảng `product`
--

INSERT INTO `product` (`id`, `activeFlag`, `code`, `createDate`, `imgUrl`, `name`, `updateDate`, `authors_id`, `category_id`, `company_id`) VALUES
(1, 1, 'a1', '2020-09-10 17:53:25', '/images/upload/1599735205011_lamitduocnhieu.jpg', 'Làm Ít Được Nhiều', '2020-09-15 15:14:22', 11, 10, 1),
(3, 1, 'a12', '2020-09-10 22:32:23', '/images/upload/1599751943321_sinhradechay.jpg', 'Sinh Ra Để Chạy', '2020-09-10 22:32:23', 9, 4, 1),
(4, 1, 'a144', '2020-09-10 23:23:22', '/images/upload/1599755002125_mackethienha.jpg', 'Mặc Kệ Thiên Hạ - Sống Như Người Nhật', '2020-09-10 23:23:22', 6, 1, 1),
(5, 1, 'DOINGANDUNGNGUDAI', '2020-09-10 23:30:01', '/images/upload/1599755401599_doi-ngan-dung-ngu-dai.jpg', 'Đời Ngắn Đừng Ngủ Dài', '2020-09-10 23:30:01', 7, 1, 2),
(6, 1, 'dam-uoc-mo', '2020-09-10 23:31:51', '/images/upload/1599755511253_dam-uoc-mo.jpg', 'Dám Ước Mơ', '2020-09-10 23:31:51', 11, 1, 2),
(7, 1, 'dam-bi-ghet', '2020-09-10 23:33:30', '/images/upload/1599755610252_dam-bi-ghet.jpg', 'Dám Bị Ghét', '2020-09-10 23:33:30', 18, 1, 2),
(8, 1, 'ky-nang-di-truoc-dam-me', '2020-09-10 23:34:10', '/images/upload/1599755650396_ky-nang-di-truoc-dam-me.jpg', 'Kỹ Năng Đi Trước Đam Mê', '2020-09-10 23:34:10', 6, 1, 2),
(9, 0, 'av', '2020-09-10 23:35:48', '/images/upload/1599755748704_cart-icon.png', 'a1b', '2020-09-10 23:35:53', 16, 1, 2),
(10, 1, 'bimattinhyeu', '2020-09-10 23:58:00', '/images/upload/1599757129027_bimattinhyeu.jpg', 'Bí Mật Hành Trình Tình Yêu', '2020-09-11 00:04:14', 5, 1, 2),
(11, 1, 'nghe-thuat-dam-phan', '2020-09-11 00:05:00', '/images/upload/1599757544598_nghe-thuat-dam-phan.jpg', 'Nghệ Thuật Đàm Phán', '2020-09-11 00:05:44', 13, 1, 2),
(12, 1, 'biet-hai-long', '2020-09-11 01:49:16', '/images/upload/1599763756706_biet-hai-long.jpg', 'Biết Hài Lòng', '2020-09-11 01:49:16', 4, 1, 2),
(13, 0, 'a123', '2020-09-11 01:49:00', '/images/upload/1599763848302_book1.jpg', 'ab', '2020-09-11 01:51:06', 16, 5, 2),
(14, 1, 'CCTT', '2020-09-11 01:51:00', '/images/upload/1599764104407_cung-con-truong-thanh.jpg', 'Cùng Con Trưởng Thành', '2020-09-11 01:55:04', 11, 10, 2),
(15, 1, 'bang-huu-chi-giao', '2020-09-11 01:53:57', '/images/upload/1599764037790_bang-huu-chi-giao.jpg', 'Bằng Hữu Chi Giao', '2020-09-11 01:53:57', 9, 8, 2),
(16, 1, 'nghi-lon-de-thanh-cong-donald-j-trump', '2020-09-15 19:20:09', '/images/upload/1600172409880_nghilondethanhcong.jpg', 'Nghĩ Lớn Để Thành Công', '2020-09-15 19:20:09', 13, 2, 2),
(17, 1, 'tu-to-lua-den-silicon', '2020-09-15 19:25:40', '/images/upload/1600172740749_tu-to-lua-den-silicon.jpg', 'Từ Tơ Lụa Đến Silicon', '2020-09-15 19:25:40', 20, 2, 2),
(18, 1, 'vi-dai-do-lua-chon', '2020-09-15 23:35:25', '/images/upload/1600187725594_vi-dai-do-lua-chon.jpg', 'Vĩ Đại Do Lựa Chọn', '2020-09-15 23:35:25', 21, 2, 2);

-- --------------------------------------------------------

--
-- Cấu trúc bảng cho bảng `productinstock`
--

CREATE TABLE `productinstock` (
  `id` int(11) NOT NULL,
  `activeFlag` int(11) NOT NULL,
  `createDate` datetime DEFAULT NULL,
  `quanity` int(11) NOT NULL,
  `updateDate` datetime DEFAULT NULL,
  `productInfo_id` int(11) DEFAULT NULL
) ENGINE=InnoDB DEFAULT CHARSET=utf8mb4;

--
-- Đang đổ dữ liệu cho bảng `productinstock`
--

INSERT INTO `productinstock` (`id`, `activeFlag`, `createDate`, `quanity`, `updateDate`, `productInfo_id`) VALUES
(1, 1, '2020-09-10 23:30:01', 3, '2020-09-10 23:30:01', 1),
(2, 1, '2020-09-10 23:30:01', 1, '2020-09-10 23:30:01', 3),
(3, 1, '2020-09-10 23:30:01', 1, '2020-09-10 23:30:01', 4),
(5, 1, '2020-09-10 23:30:01', 1, '2020-09-10 23:30:01', 5),
(6, 1, '2020-09-10 23:30:01', 5, '2020-09-10 23:30:01', 7),
(7, 1, '2020-09-10 23:30:01', 1, '2020-09-10 23:30:01', 8),
(9, 1, '2020-09-10 23:30:01', 5, '2020-09-10 23:30:01', 10),
(10, 1, '2020-09-10 23:30:01', 3, '2020-09-10 23:30:01', 11),
(11, 1, '2020-09-10 23:30:01', 1, '2020-09-10 23:30:01', 12),
(12, 1, '2020-09-10 23:30:01', 5, '2020-09-10 23:30:01', 13),
(13, 1, '2020-09-10 23:30:01', 1, '2020-09-10 23:30:01', 14),
(14, 1, '2020-09-10 23:30:01', 3, '2020-09-10 23:30:01', 15),
(22, 1, '2020-09-15 19:20:09', 1, '2020-09-15 19:20:09', 16),
(23, 1, '2020-09-15 19:25:40', 1, '2020-09-15 19:25:40', 17),
(24, 1, '2020-09-15 23:35:25', 6, '2020-09-15 23:35:25', 18),
(25, 1, '2020-09-03 08:23:15', 7, '2020-09-03 08:23:15', 6);

-- --------------------------------------------------------

--
-- Cấu trúc bảng cho bảng `publisher`
--

CREATE TABLE `publisher` (
  `id` int(11) NOT NULL,
  `activeFlag` int(11) NOT NULL,
  `address` varchar(255) DEFAULT NULL,
  `code` varchar(255) DEFAULT NULL,
  `createDate` datetime DEFAULT NULL,
  `email` varchar(255) DEFAULT NULL,
  `info` varchar(255) DEFAULT NULL,
  `name` varchar(255) DEFAULT NULL,
  `phone` varchar(255) DEFAULT NULL,
  `updateDate` datetime DEFAULT NULL
) ENGINE=InnoDB DEFAULT CHARSET=utf8mb4;

--
-- Đang đổ dữ liệu cho bảng `publisher`
--

INSERT INTO `publisher` (`id`, `activeFlag`, `address`, `code`, `createDate`, `email`, `info`, `name`, `phone`, `updateDate`) VALUES
(1, 1, 'Địa chỉ: 55 Quang Trung, Nguyễn Du, Hai Bà Trưng, Hà Nội', 'nxbkimdong', '2020-09-10 17:36:45', 'info@nxbkimdong.com.vn', ' Giám đốc: Bùi Tuấn Nghĩa', 'Nhà xuất bản Kim Đồng', '0243 943 4490', '2020-09-10 17:36:45'),
(2, 1, 'null', 'null', '2020-09-10 23:28:14', 'null', 'null', ' Chưa xác định', 'null', '2020-09-10 23:28:14');

-- --------------------------------------------------------

--
-- Cấu trúc bảng cho bảng `readers`
--

CREATE TABLE `readers` (
  `id` int(11) NOT NULL,
  `activeFlag` int(11) NOT NULL,
  `address` varchar(255) DEFAULT NULL,
  `createDate` datetime DEFAULT NULL,
  `mssv` varchar(255) DEFAULT NULL,
  `name` varchar(255) DEFAULT NULL,
  `nameClass` varchar(255) DEFAULT NULL,
  `phone` varchar(255) DEFAULT NULL,
  `updateDate` datetime DEFAULT NULL
) ENGINE=InnoDB DEFAULT CHARSET=utf8mb4;

--
-- Đang đổ dữ liệu cho bảng `readers`
--

INSERT INTO `readers` (`id`, `activeFlag`, `address`, `createDate`, `mssv`, `name`, `nameClass`, `phone`, `updateDate`) VALUES
(1, 1, '5111', '2020-09-12 00:36:32', '1755248746', 'Nguyễn Chí Tâm', 'DC17CTT01', '0332526231', '2020-09-11 02:10:00'),
(2, 0, '2bb', '2020-09-11 02:11:08', '17552487211', 'Nguyễn Thị Việt Dung', 'DC17CTT01', '0332511121', '2020-09-11 02:11:11'),
(3, 0, '', '2020-09-12 00:02:50', '17552487211', 'Nguyễn Thị Việt Dung', 'DC17CTT', '0332526745', '2020-09-12 00:36:25'),
(4, 1, '', '2020-09-12 03:16:09', '17552487467', 'Nguyễn Thị Việt Dung', 'DC17CTT01', '0332526746', '2020-09-12 03:16:09'),
(5, 1, '1111', '2020-09-12 03:16:43', '17552487411', 'Nguyễn Thị Việt Hòa', 'DC17CNTT01', '0332526746', '2020-09-12 03:16:43'),
(6, 1, '', '2020-09-14 13:43:59', '17556789010', 'Nguyễn Việt Hòa', 'DC17CTT7511', '03213442756', '2020-09-14 13:43:59');

-- --------------------------------------------------------

--
-- Cấu trúc bảng cho bảng `role`
--

CREATE TABLE `role` (
  `id` int(11) NOT NULL,
  `activeFlag` int(11) NOT NULL,
  `createDate` datetime DEFAULT NULL,
  `description` varchar(255) DEFAULT NULL,
  `name` varchar(255) DEFAULT NULL,
  `updateDate` datetime DEFAULT NULL
) ENGINE=InnoDB DEFAULT CHARSET=utf8mb4;

--
-- Đang đổ dữ liệu cho bảng `role`
--

INSERT INTO `role` (`id`, `activeFlag`, `createDate`, `description`, `name`, `updateDate`) VALUES
(1, 1, '2020-09-08 13:41:23', 'admin', 'ROLE_ADMIN', '2020-09-08 13:41:23'),
(2, 1, '2020-09-08 13:41:23', 'user', 'ROLE_USER', '2020-09-08 13:41:23');

-- --------------------------------------------------------

--
-- Cấu trúc bảng cho bảng `userroles`
--

CREATE TABLE `userroles` (
  `id` int(11) NOT NULL,
  `activeFlag` int(11) NOT NULL,
  `createDate` datetime DEFAULT NULL,
  `updateDate` datetime DEFAULT NULL,
  `role_id` int(11) DEFAULT NULL,
  `users_id` int(11) DEFAULT NULL
) ENGINE=InnoDB DEFAULT CHARSET=utf8mb4;

--
-- Đang đổ dữ liệu cho bảng `userroles`
--

INSERT INTO `userroles` (`id`, `activeFlag`, `createDate`, `updateDate`, `role_id`, `users_id`) VALUES
(1, 1, '2020-09-08 13:41:23', '2020-09-08 13:41:23', 1, 1),
(5, 1, '2020-09-16 11:44:09', '2020-09-16 11:44:09', 1, 7),
(6, 1, '2020-09-16 11:44:57', '2020-09-16 11:44:57', 2, 8),
(8, 1, '2020-09-16 13:39:31', '2020-09-16 13:40:01', 2, 12);

-- --------------------------------------------------------

--
-- Cấu trúc bảng cho bảng `users`
--

CREATE TABLE `users` (
  `id` int(11) NOT NULL,
  `activeFlag` int(11) NOT NULL,
  `cmnd` varchar(255) DEFAULT NULL,
  `createDate` datetime DEFAULT NULL,
  `fullName` varchar(255) DEFAULT NULL,
  `password` varchar(255) DEFAULT NULL,
  `sdt` varchar(255) DEFAULT NULL,
  `updateDate` datetime DEFAULT NULL,
  `username` varchar(255) DEFAULT NULL
) ENGINE=InnoDB DEFAULT CHARSET=utf8mb4;

--
-- Đang đổ dữ liệu cho bảng `users`
--

INSERT INTO `users` (`id`, `activeFlag`, `cmnd`, `createDate`, `fullName`, `password`, `sdt`, `updateDate`, `username`) VALUES
(1, 1, '221452222', '2020-09-08 13:41:23', 'Nguyễn Chí Tâm', '12345', '033232321', '2020-09-08 13:41:23', 'admin'),
(7, 1, '', '2020-09-16 11:44:09', 'Nguyễn Thị Việt Dung', '12345', '03332555', '2020-09-16 11:44:09', 'xomrayno1'),
(8, 1, '', '2020-09-16 11:44:57', 'Nguyễn Chí Tâm Tâm', '12345', '03332221', '2020-09-16 11:44:57', 'xomrayno3'),
(12, 1, '23332', '2020-09-16 13:39:00', 'Nguyen Chi Tam 123', '12345', '0333', '2020-09-16 13:40:01', 'xomrayno5');

--
-- Chỉ mục cho các bảng đã đổ
--

--
-- Chỉ mục cho bảng `auth`
--
ALTER TABLE `auth`
  ADD PRIMARY KEY (`id`),
  ADD KEY `FKfum0d6jnhosfl6y9k41ve6n9g` (`menu_id`),
  ADD KEY `FKkhpix4q4u2fda7hkukop4pp3h` (`role_id`);

--
-- Chỉ mục cho bảng `authors`
--
ALTER TABLE `authors`
  ADD PRIMARY KEY (`id`);

--
-- Chỉ mục cho bảng `callcard`
--
ALTER TABLE `callcard`
  ADD PRIMARY KEY (`id`),
  ADD KEY `FKn6qaosd1xtncxdurctx1bbr1x` (`users_id`),
  ADD KEY `FK5cookki9rl80bluklqjxvwwye` (`libaryCard_id`);

--
-- Chỉ mục cho bảng `callcarddetail`
--
ALTER TABLE `callcarddetail`
  ADD PRIMARY KEY (`id`),
  ADD KEY `FKplkgfny7fjamfu5mukfubpdc3` (`productInfo_id`),
  ADD KEY `FKltkg8qfcda7u2ei8d4qrhfiq4` (`callCard_id`);

--
-- Chỉ mục cho bảng `category`
--
ALTER TABLE `category`
  ADD PRIMARY KEY (`id`);

--
-- Chỉ mục cho bảng `history`
--
ALTER TABLE `history`
  ADD PRIMARY KEY (`id`),
  ADD KEY `FKslb6bq5ey7cny0cl7s96b3vdg` (`productInfo_id`),
  ADD KEY `FKj99b2t6nhra8n97dhdrklrax9` (`users_id`);

--
-- Chỉ mục cho bảng `invoice`
--
ALTER TABLE `invoice`
  ADD PRIMARY KEY (`id`),
  ADD KEY `FK8l5uieaecgaqqqdwdx86djh3y` (`users_id`),
  ADD KEY `FKirroorra0btky4owttml65jt9` (`productinfo_id`);

--
-- Chỉ mục cho bảng `librarycard`
--
ALTER TABLE `librarycard`
  ADD PRIMARY KEY (`id`),
  ADD KEY `FK6v0in2u13ahgdwbe93wgj5hj3` (`readers_id`);

--
-- Chỉ mục cho bảng `menu`
--
ALTER TABLE `menu`
  ADD PRIMARY KEY (`id`);

--
-- Chỉ mục cho bảng `product`
--
ALTER TABLE `product`
  ADD PRIMARY KEY (`id`),
  ADD KEY `FKehqmll6eewna2h0dok1im10bn` (`authors_id`),
  ADD KEY `FKlgc8oupqtlayobt5p0cdm3i7n` (`category_id`),
  ADD KEY `FKhebo09pxiyvm8xr7a3c9hgv9g` (`company_id`);

--
-- Chỉ mục cho bảng `productinstock`
--
ALTER TABLE `productinstock`
  ADD PRIMARY KEY (`id`),
  ADD KEY `FKj1ytj2gcpbj4lvyjacl4csne4` (`productInfo_id`);

--
-- Chỉ mục cho bảng `publisher`
--
ALTER TABLE `publisher`
  ADD PRIMARY KEY (`id`);

--
-- Chỉ mục cho bảng `readers`
--
ALTER TABLE `readers`
  ADD PRIMARY KEY (`id`);

--
-- Chỉ mục cho bảng `role`
--
ALTER TABLE `role`
  ADD PRIMARY KEY (`id`);

--
-- Chỉ mục cho bảng `userroles`
--
ALTER TABLE `userroles`
  ADD PRIMARY KEY (`id`),
  ADD KEY `FKgnb5wq1f05ns3maof30gimpf7` (`role_id`),
  ADD KEY `FKomivb35e5kdgl3rfu4x9ixrm5` (`users_id`);

--
-- Chỉ mục cho bảng `users`
--
ALTER TABLE `users`
  ADD PRIMARY KEY (`id`);

--
-- AUTO_INCREMENT cho các bảng đã đổ
--

--
-- AUTO_INCREMENT cho bảng `auth`
--
ALTER TABLE `auth`
  MODIFY `id` int(11) NOT NULL AUTO_INCREMENT, AUTO_INCREMENT=76;

--
-- AUTO_INCREMENT cho bảng `authors`
--
ALTER TABLE `authors`
  MODIFY `id` int(11) NOT NULL AUTO_INCREMENT, AUTO_INCREMENT=22;

--
-- AUTO_INCREMENT cho bảng `callcard`
--
ALTER TABLE `callcard`
  MODIFY `id` int(11) NOT NULL AUTO_INCREMENT, AUTO_INCREMENT=14;

--
-- AUTO_INCREMENT cho bảng `callcarddetail`
--
ALTER TABLE `callcarddetail`
  MODIFY `id` int(11) NOT NULL AUTO_INCREMENT, AUTO_INCREMENT=35;

--
-- AUTO_INCREMENT cho bảng `category`
--
ALTER TABLE `category`
  MODIFY `id` int(11) NOT NULL AUTO_INCREMENT, AUTO_INCREMENT=13;

--
-- AUTO_INCREMENT cho bảng `history`
--
ALTER TABLE `history`
  MODIFY `id` int(11) NOT NULL AUTO_INCREMENT, AUTO_INCREMENT=78;

--
-- AUTO_INCREMENT cho bảng `invoice`
--
ALTER TABLE `invoice`
  MODIFY `id` int(11) NOT NULL AUTO_INCREMENT, AUTO_INCREMENT=17;

--
-- AUTO_INCREMENT cho bảng `librarycard`
--
ALTER TABLE `librarycard`
  MODIFY `id` int(11) NOT NULL AUTO_INCREMENT, AUTO_INCREMENT=12;

--
-- AUTO_INCREMENT cho bảng `menu`
--
ALTER TABLE `menu`
  MODIFY `id` int(11) NOT NULL AUTO_INCREMENT, AUTO_INCREMENT=76;

--
-- AUTO_INCREMENT cho bảng `product`
--
ALTER TABLE `product`
  MODIFY `id` int(11) NOT NULL AUTO_INCREMENT, AUTO_INCREMENT=19;

--
-- AUTO_INCREMENT cho bảng `productinstock`
--
ALTER TABLE `productinstock`
  MODIFY `id` int(11) NOT NULL AUTO_INCREMENT, AUTO_INCREMENT=26;

--
-- AUTO_INCREMENT cho bảng `publisher`
--
ALTER TABLE `publisher`
  MODIFY `id` int(11) NOT NULL AUTO_INCREMENT, AUTO_INCREMENT=3;

--
-- AUTO_INCREMENT cho bảng `readers`
--
ALTER TABLE `readers`
  MODIFY `id` int(11) NOT NULL AUTO_INCREMENT, AUTO_INCREMENT=7;

--
-- AUTO_INCREMENT cho bảng `role`
--
ALTER TABLE `role`
  MODIFY `id` int(11) NOT NULL AUTO_INCREMENT, AUTO_INCREMENT=3;

--
-- AUTO_INCREMENT cho bảng `userroles`
--
ALTER TABLE `userroles`
  MODIFY `id` int(11) NOT NULL AUTO_INCREMENT, AUTO_INCREMENT=9;

--
-- AUTO_INCREMENT cho bảng `users`
--
ALTER TABLE `users`
  MODIFY `id` int(11) NOT NULL AUTO_INCREMENT, AUTO_INCREMENT=13;

--
-- Các ràng buộc cho các bảng đã đổ
--

--
-- Các ràng buộc cho bảng `auth`
--
ALTER TABLE `auth`
  ADD CONSTRAINT `FKfum0d6jnhosfl6y9k41ve6n9g` FOREIGN KEY (`menu_id`) REFERENCES `menu` (`id`),
  ADD CONSTRAINT `FKkhpix4q4u2fda7hkukop4pp3h` FOREIGN KEY (`role_id`) REFERENCES `role` (`id`);

--
-- Các ràng buộc cho bảng `callcard`
--
ALTER TABLE `callcard`
  ADD CONSTRAINT `FK5cookki9rl80bluklqjxvwwye` FOREIGN KEY (`libaryCard_id`) REFERENCES `librarycard` (`id`),
  ADD CONSTRAINT `FKlmoe8uj3v3o772flg6stm3pt4` FOREIGN KEY (`libaryCard_id`) REFERENCES `librarycard` (`id`),
  ADD CONSTRAINT `FKn6qaosd1xtncxdurctx1bbr1x` FOREIGN KEY (`users_id`) REFERENCES `users` (`id`);

--
-- Các ràng buộc cho bảng `callcarddetail`
--
ALTER TABLE `callcarddetail`
  ADD CONSTRAINT `FKbad3xc41npmnuo0ji9tb40p99` FOREIGN KEY (`callCard_id`) REFERENCES `callcard` (`id`),
  ADD CONSTRAINT `FKltkg8qfcda7u2ei8d4qrhfiq4` FOREIGN KEY (`callCard_id`) REFERENCES `callcard` (`id`),
  ADD CONSTRAINT `FKplkgfny7fjamfu5mukfubpdc3` FOREIGN KEY (`productInfo_id`) REFERENCES `product` (`id`);

--
-- Các ràng buộc cho bảng `history`
--
ALTER TABLE `history`
  ADD CONSTRAINT `FKj99b2t6nhra8n97dhdrklrax9` FOREIGN KEY (`users_id`) REFERENCES `users` (`id`),
  ADD CONSTRAINT `FKslb6bq5ey7cny0cl7s96b3vdg` FOREIGN KEY (`productInfo_id`) REFERENCES `product` (`id`);

--
-- Các ràng buộc cho bảng `invoice`
--
ALTER TABLE `invoice`
  ADD CONSTRAINT `FK8l5uieaecgaqqqdwdx86djh3y` FOREIGN KEY (`users_id`) REFERENCES `users` (`id`),
  ADD CONSTRAINT `FKirroorra0btky4owttml65jt9` FOREIGN KEY (`productinfo_id`) REFERENCES `product` (`id`);

--
-- Các ràng buộc cho bảng `librarycard`
--
ALTER TABLE `librarycard`
  ADD CONSTRAINT `FK6v0in2u13ahgdwbe93wgj5hj3` FOREIGN KEY (`readers_id`) REFERENCES `readers` (`id`),
  ADD CONSTRAINT `FKr3ksw2fml0u27jpi3kwsef3eo` FOREIGN KEY (`readers_id`) REFERENCES `readers` (`id`);

--
-- Các ràng buộc cho bảng `product`
--
ALTER TABLE `product`
  ADD CONSTRAINT `FKehqmll6eewna2h0dok1im10bn` FOREIGN KEY (`authors_id`) REFERENCES `authors` (`id`),
  ADD CONSTRAINT `FKhebo09pxiyvm8xr7a3c9hgv9g` FOREIGN KEY (`company_id`) REFERENCES `publisher` (`id`),
  ADD CONSTRAINT `FKlgc8oupqtlayobt5p0cdm3i7n` FOREIGN KEY (`category_id`) REFERENCES `category` (`id`);

--
-- Các ràng buộc cho bảng `productinstock`
--
ALTER TABLE `productinstock`
  ADD CONSTRAINT `FKj1ytj2gcpbj4lvyjacl4csne4` FOREIGN KEY (`productInfo_id`) REFERENCES `product` (`id`);

--
-- Các ràng buộc cho bảng `userroles`
--
ALTER TABLE `userroles`
  ADD CONSTRAINT `FKgnb5wq1f05ns3maof30gimpf7` FOREIGN KEY (`role_id`) REFERENCES `role` (`id`),
  ADD CONSTRAINT `FKomivb35e5kdgl3rfu4x9ixrm5` FOREIGN KEY (`users_id`) REFERENCES `users` (`id`);
COMMIT;

/*!40101 SET CHARACTER_SET_CLIENT=@OLD_CHARACTER_SET_CLIENT */;
/*!40101 SET CHARACTER_SET_RESULTS=@OLD_CHARACTER_SET_RESULTS */;
/*!40101 SET COLLATION_CONNECTION=@OLD_COLLATION_CONNECTION */;
